{
  "device": "NVIDIA A100-SXM4-80GB",
  "capability": [
    8,
    0
  ],
  "results": [
    {
      "name": "decode_tiny",
      "tokens": 4,
      "topk": 2,
      "experts": 8,
      "hidden": 64,
      "intermediate": 32,
      "current_fallback_ms": 5.194956970214844,
      "bf16_reference_ms": 4.999782562255859,
      "route_metadata_ms": 0.14704639911651612,
      "v2_plan_ms": 0.1509376049041748,
      "route_metadata_padded_tokens": 80,
      "grouped_ms": 0.2822144031524658,
      "v1_grouped_full_ms": 0.2822144031524658,
      "v2_grouped_full_ms": 0.29757440090179443,
      "v2_grouped_dispatch_ms": 0.13455359935760497,
      "v2_speedup_vs_v1_grouped_full": 0.9483826642924243,
      "v2_dispatch_speedup_vs_v1_grouped_full": 2.0974125144168063,
      "speedup_vs_current_fallback": 18.407837843089382,
      "speedup_vs_bf16_reference": 17.71625581971001,
      "grouped_vs_bf16_max_abs": 0.0,
      "grouped_vs_bf16_max_rel": 0.0,
      "v2_grouped_vs_bf16_max_abs": 0.0,
      "v2_grouped_vs_bf16_max_rel": 0.0,
      "v2_vs_v1_grouped_max_abs": 0.0,
      "current_quant_act_vs_bf16_max_abs": 0.0
    },
    {
      "name": "decode_grouped",
      "tokens": 8,
      "topk": 6,
      "experts": 16,
      "hidden": 256,
      "intermediate": 128,
      "current_fallback_ms": 25.52770538330078,
      "bf16_reference_ms": 15.222784423828125,
      "route_metadata_ms": 0.14028799533843994,
      "v2_plan_ms": 0.15319039821624755,
      "route_metadata_padded_tokens": 256,
      "grouped_ms": 0.3037184000015259,
      "v1_grouped_full_ms": 0.3037184000015259,
      "v2_grouped_full_ms": 0.32767999172210693,
      "v2_grouped_dispatch_ms": 0.2598912000656128,
      "v2_speedup_vs_v1_grouped_full": 0.9268750234194892,
      "v2_dispatch_speedup_vs_v1_grouped_full": 1.1686367215390454,
      "speedup_vs_current_fallback": 84.05057244859886,
      "speedup_vs_bf16_reference": 50.12137698523252,
      "grouped_vs_bf16_max_abs": 0.0,
      "grouped_vs_bf16_max_rel": 0.0,
      "v2_grouped_vs_bf16_max_abs": 0.0,
      "v2_grouped_vs_bf16_max_rel": 0.0,
      "v2_vs_v1_grouped_max_abs": 0.0,
      "current_quant_act_vs_bf16_max_abs": 48.9375
    },
    {
      "name": "prefill_grouped",
      "tokens": 64,
      "topk": 6,
      "experts": 16,
      "hidden": 256,
      "intermediate": 128,
      "current_fallback_ms": 25.366937255859376,
      "bf16_reference_ms": 15.2774658203125,
      "route_metadata_ms": 0.13352960348129272,
      "v2_plan_ms": 0.15032320022583007,
      "route_metadata_padded_tokens": 512,
      "grouped_ms": 0.44113922119140625,
      "v1_grouped_full_ms": 0.44113922119140625,
      "v2_grouped_full_ms": 0.445849609375,
      "v2_grouped_dispatch_ms": 0.4005887985229492,
      "v2_speedup_vs_v1_grouped_full": 0.9894350290220129,
      "v2_dispatch_speedup_vs_v1_grouped_full": 1.1012270508261204,
      "speedup_vs_current_fallback": 57.503246225419836,
      "speedup_vs_bf16_reference": 34.631846560938065,
      "grouped_vs_bf16_max_abs": 0.25,
      "grouped_vs_bf16_max_rel": 0.05128205195069313,
      "v2_grouped_vs_bf16_max_abs": 0.25,
      "v2_grouped_vs_bf16_max_rel": 0.05128205195069313,
      "v2_vs_v1_grouped_max_abs": 0.0,
      "current_quant_act_vs_bf16_max_abs": 65.0
    }
  ]
}