{
  "device": "NVIDIA A100-SXM4-80GB",
  "capability": [
    8,
    0
  ],
  "started_at": "2026-07-01T20:56:02+0800",
  "case": {
    "rows": 4,
    "max_seq_len": 5120,
    "page_size": 256,
    "page_table_width": 20,
    "c4_width": 512,
    "c128_width": 64,
    "graph_inputs_bound": true,
    "legacy_ms": 0.25360794067382814,
    "fused_ms": 0.12718694305419923,
    "speedup": 1.9939777982222286,
    "legacy_launches_per_replay": 18,
    "fused_launches_per_replay": 1
  }
}