{
  "device": "NVIDIA A100-SXM4-80GB",
  "capability": [
    8,
    0
  ],
  "started_at": "2026-07-01T20:56:13+0800",
  "case": {
    "rows": 4,
    "max_seq_len": 5120,
    "page_size": 256,
    "page_table_width": 20,
    "c4_width": 512,
    "c128_width": 64,
    "graph_inputs_bound": false,
    "legacy_ms": 0.29275750732421874,
    "fused_ms": 0.12687359619140626,
    "speedup": 2.307473864637318,
    "legacy_launches_per_replay": 20,
    "fused_launches_per_replay": 1
  }
}