{
  "target": "07.395",
  "status": "pass",
  "feature_flag": "MINISGL_DSV4_SM80_SPARSE_SPLITK_BF16",
  "precision_policy": {
    "sparse_attention_cache": "bf16",
    "packed_fp8_ds_mla_kv_cache_default": false,
    "fp8_or_fp4_indexer_cache_default": false
  },
  "microbench": {
    "sparse_only_decode_t4_h4096": {
      "legacy_ms": 0.5767987072467804,
      "splitk_bf16_ms": 0.22843391865491866,
      "speedup": 2.5250134071294177,
      "improvement_fraction": 0.6039624989013985,
      "max_abs_error": 0.001953125,
      "allclose_7e_2": true
    },
    "combined_indexer_sparse_t4_h4096": {
      "legacy_ms": 0.7890124869346619,
      "splitk_bf16_ms": 0.4350156801939011,
      "speedup": 1.8137564296141522,
      "improvement_fraction": 0.4486580537097067,
      "max_abs_error": 0.001953125,
      "allclose_7e_2": true
    }
  },
  "macro": {
    "4096x128_bs4": {
      "baseline_07394_output_tokens_per_s": 34.1406,
      "splitk_output_tokens_per_s": 38.9378857615228,
      "output_improvement_fraction": 0.14051556684776485,
      "decode_tokens_per_s": 79.5256519360487,
      "prefill_tokens_per_s": 2811.1748091456207,
      "ttft_s_mean": 6.520500283688307,
      "graph_replay_count": 254,
      "eager_decode_count": 0
    },
    "4096x1024_bs4": {
      "baseline_07394_output_tokens_per_s": 55.05,
      "splitk_output_tokens_per_s": 68.80972486389888,
      "output_improvement_fraction": 0.24994958880833572,
      "decode_tokens_per_s": 80.05712452203657,
      "prefill_tokens_per_s": 2822.5816172878017,
      "ttft_s_mean": 6.506720634177327,
      "graph_replay_count": 2046,
      "eager_decode_count": 0
    }
  },
  "tp8_text_smoke": {
    "status": "pass",
    "page_size": 256,
    "graph_replay_count": 9,
    "greedy_sample_replay_count": 9,
    "eager_decode_count": 0
  },
  "tests": {
    "focused_pytest": "10 passed",
    "synthetic_cases": [
      "SWA-only",
      "C4-like",
      "C128-like",
      "empty",
      "short-history",
      "mixed-valid-length"
    ]
  },
  "nsight": {
    "workload": "4096x128_bs4",
    "output_tokens_per_s_under_nsys": 36.960967090164175,
    "decode_tokens_per_s_under_nsys": 77.53171270148529,
    "graph_replay_count": 254,
    "eager_decode_count": 0,
    "kernel_category_seconds": {
      "sparse_attention": 4.216710176,
      "runtime_memcpy_allocation_kernels": 2.781647727000001,
      "indexer_cache": 1.9385099989999999,
      "other": 1.308982975,
      "moe_route_w13_swiglu_w2_sum": 0.8944355679999999,
      "hc_rmsnorm_logits_sampling": 0.88125831,
      "dense_linear_other": 0.7534148499999999,
      "nccl": 0.32735770399999997
    }
  },
  "decision": "exact bf16 gather/mask plus split-K sparse decode produced substantial boundary and macro wins; keep exact route for residual sparse/runtime attribution, and reserve packed FP8 cache/indexer behavior for a separate opt-in precision target"
}
