{
  "variant": "dsv4_sm80_a100_victory_hccleanup",
  "profile_gate": {
    "hc_elementwise_0767_s": 0.536306,
    "hc_elementwise_0768_s": 0.519303285,
    "hc_elementwise_delta_s": -0.017002715,
    "hc_elementwise_delta_pct": -3.17,
    "hc_owned_direct_copy_0767_s": 0.080738,
    "hc_owned_direct_copy_0768_s": 0.044441,
    "hc_owned_direct_copy_delta_s": -0.036297,
    "combined_hc_and_hc_owned_direct_copy_delta_s": -0.053299715
  },
  "macro": {
    "short_4096x128_bs4": {
      "victory_output_tps": 62.27893002283329,
      "hccleanup_output_tps": 64.33349142154759,
      "delta_pct": 3.3
    },
    "long_4096x1024_bs4": {
      "victory_output_tps": 131.5674740067758,
      "hccleanup_output_tps": 132.52231061352265,
      "delta_pct": 0.73,
      "delta_vs_target0767_pct": 0.68
    }
  },
  "decision": "keep_opt_in_do_not_promote"
}
